subject,video,scenario
1_1_001,V1,1
1_1_001,V2,2
1_1_002,V1,2
1_1_002,V2,3
1_1_003,V1,3
1_1_003,V2,1
1_1_004,V1,1
1_1_004,V2,2
1_1_005,V1,2
1_1_005,V2,3
1_1_006,V1,3
1_1_006,V2,1
1_1_007,V1,1
1_1_007,V2,2
1_1_008,V1,2
1_1_008,V2,3
1_1_009,V1,3
1_1_009,V2,1
1_1_010,V1,1
1_1_010,V2,2
1_1_011,V1,1
1_1_011,V2,3
1_1_012,V1,3
1_1_012,V2,1
1_1_013,V1,1
1_1_013,V2,2
1_1_014,V1,2
1_1_014,V2,3
1_1_015,V1,3
1_1_015,V2,1
1_1_016,V1,1
1_1_016,V2,2
1_1_017,V1,2
1_1_017,V2,3
1_1_018,V1,3
1_1_018,V2,1
1_1_019,V1,1
1_1_019,V2,2
1_1_020,V1,2
1_1_020,V2,3
1_1_021,V1,3
1_1_021,V2,1
1_1_022,V1,1
1_1_022,V2,2
1_1_023,V1,2
1_1_023,V2,3
1_1_024,V1,3
1_1_024,V2,1
1_1_025,V1,1
1_1_025,V2,2
1_1_027,V1,3
1_1_027,V2,1
1_1_028,V1,1
1_1_028,V2,2
1_1_029,V1,2
1_1_029,V2,3
1_1_030,V1,3
1_1_030,V2,1
1_1_031,V1,1
1_1_031,V2,2
1_1_032,V1,2
1_1_032,V2,3
1_1_033,V1,3
1_1_033,V2,1
1_1_034,V1,1
1_1_034,V2,2
1_1_035,V1,2
1_1_035,V2,3
1_1_036,V1,3
1_1_036,V2,1
1_1_037,V1,1
1_1_037,V2,2
1_1_038,V1,2
1_1_038,V2,3
1_1_039,V1,3
1_1_039,V2,1
1_1_040,V1,1
1_1_040,V2,2
1_2_001,V1,3
1_2_001,V2,2
1_2_002,V1,2
1_2_002,V2,3
1_2_005,V1,2
1_2_005,V2,3
1_2_006,V1,3
1_2_006,V2,1
1_2_007,V1,1
1_2_007,V2,2
1_2_008,V1,2
1_2_008,V2,3
1_2_009,V1,3
1_2_009,V2,1
1_2_010,V1,1
1_2_010,V2,2
1_2_011,V1,2
1_2_011,V2,3
1_2_012,V1,3
1_2_012,V2,1
1_2_013,V1,1
1_2_013,V2,2
